milk;fat;height;body.length
-266;-9;-1.6262;-0.3513
-180;-19;-5.8372;-2.5864
140;-6;-2.3813;-1.7334
96;-2;-2.9644;-3.2184
-262;-12;-7.2059;-6.3291
653;27;-10.8484;-10.479
-419;-10;-3.7024;-1.7819
493;13;-3.5899;-1.7252
503;12;-5.8384;-2.1602
51;1;-5.5132;-2.1188
-464;-21;-3.0644;-1.9013
5;6;-4.2793;-3.9069
57;4;-7.3908;-3.585
-213;-10;-3.0903;-2.3941
405;23;-3.7108;-1.669
265;14;-3.3146;-1.6493
-474;-19;-3.0862;-1.3714
-113;-29;-9.7386;-7.0874
11;-12;-5.2311;-2.7248
178;2;-6.3034;-5.082
-925;-39;-3.2121;-0.3399
-393;-30;-0.0792;2.7834
50;-5;-5.7063;-5.0292
179;-3;-5.1521;0.639
-698;-45;-0.5044;1.775
-447;-12;-0.6677;0.0674
-307;-30;-2.7173;-0.5102
-466;-29;-5.7264;-4.8499
-212;-18;-5.9757;-3.624
101;4;-1.9151;-1.5542
-17;-17;-2.301;-2.4239
-436;-25;-3.8384;-2.1097
-471;-31;3.2958;3.4077
-100;-16;-3.6882;-2.0392
-147;10;-0.2775;2.0581
-284;-4;-0.6729;0.4294
-48;-2;-4.6051;-1.885
313;15;0.0878;-0.1315
-582;-25;-0.6976;-3.9956
210;16;2.1012;1.0528
-270;13;2.1233;5.5436
336;18;0.0209;2.2721
-69;8;3.3558;2.8213
-632;-45;4.4296;0.303
222;2;-11.1409;-4.413
239;25;0.6396;-2.735
-224;-2;-6.6011;-2.9078
774;21;-1.5764;1.6244
-143;-2;1.6989;2.7586
55;-17;-1.8389;-1.7182
269;18;-1.3566;-3.0814
249;-11;-1.7752;0.6429
88;-8;-1.3036;0.1087
-347;-30;-2.1428;-0.9933
-187;-14;-1.7459;-2.1963
-604;-39;-2.6695;-1.2158
-607;-29;-5.4782;-2.3126
89;3;-2.4149;-10.468
-283;-28;-6.2554;-3.1817
95;-6;0.7874;2.0722
-128;-12;-2.3488;-2.707
-211;-22;-2.8561;2.2739
-143;-20;-0.3567;1.6726
259;8;1.039;-1.0344
499;9;-3.865;-2.4603
421;11;-5.0928;-3.657
-20;-20;-4.0875;-6.9527
-664;-37;-1.7239;0.6472
-109;-16;-1.1424;-0.2708
-380;-32;0.0559;-2.1721
-987;-36;-2.1578;-1.3735
117;-15;-0.7085;-1.838
511;-2;-1.07;-0.1137
121;-4;-2.4937;1.1607
-301;-33;-4.3195;-1.2427
-589;-46;-3.7056;-3.3391
-162;-11;-1.2941;-2.3643
-133;-17;-0.8475;0.0068
-95;-13;-1.7662;0.981
-266;-22;-3.4434;-2.8611
-214;-23;-1.7867;-1.2661
102;-2;-2.9207;-1.3791
65;-3;-2.3055;1.1087
-108;-26;-2.1635;-3.2515
-306;-14;0.8092;0.8917
327;1;-5.6507;-3.2464
429;-4;-4.7505;-3.0144
-532;-15;-0.4362;0.0274
377;12;-6.1355;-4.2593
-110;-17;-3.3214;-2.6629
-402;-26;0.6118;1.8341
407;9;-3.879;-1.7914
-500;-17;-1.5154;1.9784
387;16;-3.4796;-5.1129
-78;-13;-2.7341;-0.9485
-2;-2;-3.3809;-1.1716
165;5;-2.1477;-1.0442
-215;-13;-2.7137;-2.3548
371;-1;-2.7527;1.0708
35;12;-2.9568;-0.9825
-6;-8;-4.773;-2.647
-329;-17;-4.1958;-1.8078
-338;-16;-2.7952;-1.4896
-442;-26;-7.0764;-0.8934
56;-6;-1.1919;-1.8519
86;-8;-3.245;-0.1272
-388;-13;-1.0149;0.2267
-493;-30;3.6886;4.5151
170;-4;-3.2179;-0.5304
89;-10;-3.2273;-1.4097
362;10;-0.8621;-0.0899
-494;-21;0.0997;-2.3668
-36;-8;-0.6873;-2.6204
563;9;-0.9314;0.3415
-229;-12;-4.0459;-2.817
410;24;0.3955;1.2091
9;-6;-1.1705;-1.1807
-248;-15;-2.3547;-1.0416
-297;-28;-2.0595;-2.3198
269;17;0.6671;-0.4516
450;23;-1.3114;0.5353
153;12;-2.7885;-0.761
-111;2;-1.7281;-2.8632
-495;-32;3.6603;3.5089
354;5;0.2673;0.0909
-386;-26;-1.885;-1.2253
424;10;-1.7519;-0.1117
-321;-41;-3.577;-2.3714
-620;-28;-2.8379;-1.4234
449;-2;2.8548;-2.3925
333;4;0.1171;-3.6067
125;-4;-0.6322;-0.1687
666;38;-4.9905;-1.6476
-27;-3;-0.3883;-2.0344
-351;-12;-2.8725;-0.8496
264;7;-0.886;-1.0777
-582;-31;1.8275;1.1501
215;1;-2.4559;-2.105
492;18;-5.393;0.493
54;19;0.9354;1.3243
406;34;0.3712;1.3724
-249;-4;1.7867;-1.4076
54;-3;2.2478;4.4793
-401;-20;1.704;3.1679
129;-13;-0.0492;0.9997
-328;-21;0.9009;-1.1073
147;6;-3.173;1.2419
-111;-17;-6.0201;-4.325
-181;-16;-3.5387;-6.0022
-480;-33;-2.7791;-0.9136
-468;-37;-3.1231;-1.82
-173;-6;-1.2741;-1.1018
811;13;-5.6667;-7.9321
300;2;-7.0565;-3.735
726;12;-7.321;-4.8221
248;-5;-4.5854;-2.3595
215;-16;-4.6421;-2.481
-552;-26;-3.4728;-3.7871
238;-8;-2.0327;-0.705
638;21;-4.0604;-3.3524
234;-8;-3.4615;-1.8428
289;8;-3.6492;-1.1606
-245;-7;-5.951;-2.4758
55;-4;-10.5494;-5.5728
190;-18;-0.3919;1.6028
-767;-42;-2.4479;-1.3904
649;7;-3.9045;-2.7849
-324;-18;-1.9664;-1.1715
-145;-5;-6.1549;-5.2784
-79;2;-2.7761;-7.0054
326;-2;0.2454;-5.7589
270;28;0.0248;-4.8783
425;24;-4.3102;-7.0203
622;14;-0.7127;-5.3595
397;12;-7.0059;-4.0749
-102;12;-7.3617;-7.7038
14;6;-2.38;-1.1087
260;15;1e-04;-1.3391
4;9;-2.0734;-0.8871
1;-11;-2.0992;-0.7493
-218;15;-5.254;-4.0986
-110;-7;-4.9038;-0.1815
261;6;-3.7895;-3.991
-76;15;0.9257;-2.9755
-197;-5;-1.5877;-7.6948
34;-7;-4.2737;-2.1995
332;23;-0.5899;-2.8686
831;31;-3.0585;-1.5081
830;21;1.2942;-1.8336
-471;-23;-2.5099;-0.7384
55;-4;-0.2285;-0.1423
-381;-40;1.4919;0.2255
467;4;1.0819;0.5981
776;12;-0.3485;-2.8459
-242;-11;1.3114;-2.5392
-404;-15;-2.0801;0.6766
495;-1;-2.2475;-3.1668
424;16;1.3941;-1.6714
521;3;-1.5881;3.718
359;15;-3.0566;-3.646
-424;-15;-2.2273;-3.7366
-474;-30;-1.4261;-1.4368
-155;8;2.2377;3.545
-622;-18;-3.5096;-0.9642
-1;2;0.9204;-1.9571
-17;1;-3.808;-5.3
85;9;0.0189;0.7665
-396;-19;-0.5907;-2.5364
-169;-12;-2.9168;-0.5849
-194;-1;-0.2735;-0.0428
-435;-15;-0.6704;1.2225
-448;-13;-0.0634;-3.1666
-126;-6;1.0451;0.3514
-536;-12;1.2527;-0.3094
-623;-32;-5.4278;-3.7673
-298;1;-1.7384;-6.4684
83;-6;-2.9748;-9.575
121;4;-0.9673;-1.4575
-422;-3;2.54;3.1431
-27;8;-5.7134;-5.5692
69;5;-4.2174;-1.383
732;22;-3.0829;0.1438
285;8;0.5126;0.3975
232;-10;-3.4174;-2.1814
487;4;-2.4096;-0.7666
181;1;0.0954;2.8354
48;-9;-1.3754;1.6108
478;7;-5.7701;0.741
390;8;-2.0599;0.4795
130;-2;2.704;1.2432
103;2;-1.8941;-0.5303
320;1;0.623;1.6416
727;18;-2.5404;-0.7435
-368;-10;-4.4207;-1.1585
147;15;0.3281;3.4122
434;-2;-2.0976;-1.6589
47;-4;2.0446;3.1682
8;5;-1.1322;-5.4806
-139;-7;2.9093;3.5955
519;10;0.7508;1.9355
-234;-6;-0.3504;1.6626
-486;-28;0.0756;0.8732
-278;-21;-0.9242;9.7125
-278;-4;-2.7883;-0.3663
-333;3;1.6125;1.9715
-569;-18;2.296;2.5615
-675;-7;0.6734;10.5471
220;7;0.7669;-7.7814
-244;-5;-1.0984;-6.2376
-9;-1;1.5612;0.751
-140;-5;2.1594;4.9975
54;5;0.6845;-2.7535
-15;2;-6.3165;-1.9283
-266;-1;-2.4452;-2.8553
-463;-36;-0.0976;-6.9239
109;4;-0.8842;4.313
-234;-13;4.4485;3.5173
24;-17;3.0093;1.4803
-322;-12;-0.9405;-2.6303
47;-10;-1.7275;3.5599
-12;-12;-0.9349;-1.8296
245;9;-4.6356;-1.5754
-332;-8;-1.9596;-0.7421
488;-6;-0.2292;-0.5058
-664;-11;-1.6661;-1.1403
437;23;-2.6762;-1.6852
625;33;-0.1178;-3.5527
429;8;0.2145;0.6872
593;20;-3.0562;-0.0032
1;10;-1.7112;0.7149
374;22;-5.4321;-1.6562
470;25;-2.0649;-3.9288
443;12;-0.7629;2.3836
-373;-15;-2.5412;-2.4395
10;4;-1.9748;-5.2893
260;19;-0.1826;-0.4013
156;16;-2.2762;0.2294
148;-10;0.9635;1.8683
-257;-8;0.765;-0.4888
713;13;1.8536;2.0707
476;17;-7.0889;-2.0794
-245;-2;-2.9945;-3.317
-762;-23;0.2508;0.0061
-290;-31;7.3755;2.9135
105;-5;-1.8146;0.4468
1;-18;-0.7576;1.4724
9;-10;1.436;0.7677
107;13;-4.0529;-1.3685
275;11;-3.1261;-4.1212
99;11;-6.8898;-1.5274
182;17;2.448;2.5189
620;36;-3.1287;-1.8118
-144;-12;-3.7764;-2.4238
-316;18;-2.7983;-1.1351
278;8;-2.3568;-0.9993
-167;-18;0.0777;1.9571
512;3;4.5261;3.654
282;21;1.355;-1.8991
-124;2;-1.4707;-1.6712
58;6;-3.3153;-4.6524
257;-1;-0.7724;0.8079
-79;-6;0.7897;2.3106
-380;-6;3.1387;2.838
141;1;3.7751;2.7253
-271;-5;-3.7379;-1.5133
-235;-19;0.6894;-0.6906
-157;-14;-1.1274;2.2616
-189;-11;-2.2578;-2.0579
-355;-15;4.5962;4.3316
-294;2;5.7613;-0.381
369;10;1.4178;0.2776
-105;-13;2.7141;2.8271
-245;-7;1.257;7.0108
-996;-49;4.6286;3.3203
-209;-24;1.1472;0.2388
-59;-9;2.302;3.4496
-661;-17;-2.4147;2.7584
-479;-20;0.7922;-0.37
-595;-22;0.4288;1.1821
-488;-1;-3.42;-2.4464
-762;-42;-1.5914;1.649
239;2;0.3666;-2.4767
-428;-15;-5.8977;-0.4246
-267;-2;-1.8673;-3.0386
114;5;0.4316;-4.3276
334;2;-0.5483;0.1211
-541;-21;2.8507;1.8996
-185;-12;-0.501;-3.5952
216;-5;4.1624;0.4571
64;7;-1.8922;-4.5023
-382;-36;-1.8225;1.9095
255;1;0.2863;6.7762
-378;2;-0.7777;0.3797
72;9;-0.819;-1.5827
-876;-27;-8.6302;-3.6733
-105;-17;-6.1939;-1.0236
-86;-6;3.0066;2.8116
440;16;2.584;4.2974
283;-9;2.2852;-0.3798
588;58;-3.2531;0.4931
-299;-16;2.3795;4.2693
598;42;0.2188;2.0475
215;6;-2.4367;-0.4573
233;19;3.7032;6.5237
-163;-2;0.3805;-1.6479
662;36;0.6348;-2.6515
-169;18;4.1771;4.4187
-942;-11;-3.1726;1.4524
621;26;1.134;1.8514
614;29;-2.5366;-0.1028
-268;2;0.7044;-1.5845
-735;-17;-0.0895;0.9584
1232;66;0.2543;0.8042
-269;-6;-2.2084;2.2833
-585;-13;-7.8177;-4.9038
-555;-19;-6.657;-1.606
-1180;-19;-0.0165;-0.3572
-451;-21;-1.5027;-0.5139
-300;-8;0.2119;1.2514
-1116;-30;-5.217;-2.4277
-503;-8;-4.046;0.9604
-613;-21;-0.6813;0.9623
-203;13;-4.8125;-3.6653
-309;11;-6.1135;-2.6735
-1162;-48;-1.2669;-1.1479
-400;-15;-2.4955;-0.9537
-695;-20;1.8264;2.0036
24;5;-1.2171;-2.42
-405;-20;3.7195;1.2425
-400;-18;-2.7709;-4.5685
274;-4;-0.1961;-3.5269
-412;-17;-0.7115;-2.1601
-398;-15;-1.2957;0.6891
-104;-1;-1.9079;-0.7518
-884;-36;0.4849;2.4474
-402;-13;-1.8683;-2.6125
-142;-9;0.8317;4.8435
-331;-21;-8.2384;-2.1261
-791;-16;-0.5242;1.3144
-846;-21;0.4137;5.0615
-653;-17;1.6737;-1.8532
-74;3;1.4406;0.6942
-1079;-44;-3.6639;-2.2848
-708;-29;0.7669;0.2667
-314;-10;5.4958;4.616
-1105;-46;2.2777;-0.0642
-1150;-45;0.89;-6.9127
-707;-6;-1.7741;0.4072
-754;-30;1.9438;-2.1048
-959;-42;-1.2551;0.9524
-637;-22;1.3842;-4.3618
-1138;-43;3.9658;-4.8429
-502;-10;0.2293;-2.164
-709;-20;-1.2614;-2.6525
171;2;0.0084;-1.4986
97;-14;-2.7206;-2.4388
332;9;-1.7578;2.579
354;18;-2.8661;-1.0788
375;-2;1.4432;-0.6055
-51;2;-0.6831;-0.2359
-45;3;-3.2413;-2.391
-197;-6;0.4725;0.2089
179;-6;-0.1213;-0.7259
162;-1;-3.1405;0.2935
-121;-10;-0.4399;-4.0488
-231;-13;-3.6837;-3.84
136;-2;0.5878;0.76
-231;-17;1.393;0.9177
-441;-13;-1.7738;-2.7445
-329;-28;-5.2354;-15.4363
-43;-10;-4.0035;-4.0123
-667;-24;-1.1986;-3.6438
-1040;-42;0.0038;-0.4879
-501;-24;2.257;-0.8292
-567;-28;2.3192;-0.3911
-786;-3;1.1773;-1.4772
-232;-14;-2.7872;0.828
-432;-17;-1.4623;-0.5101
47;7;0.6287;3.2522
7;-5;-3.9253;-7.885
-316;-4;-2.8788;0.8584
-699;-25;-3.8183;-3.5694
-367;2;-2.7165;-3.35
-247;-18;-5.6478;-3.2633
-312;11;-4.1941;-3.5669
-513;2;-0.2004;-4.0885
401;-6;-1.7046;-2.0889
37;-4;-3.2062;-0.6007
-75;-15;-0.0805;0.3192
60;-6;-2.5045;0.7818
1178;63;-0.6656;-2.4801
-502;-14;-2.3246;2.1955
318;5;-2.7549;-2.3611
-193;-15;-3.195;-1.9464
-88;-6;-2.3857;2.6282
-144;-19;4.0233;2.51
273;8;-0.6638;-1.1309
46;4;-3.1723;-0.9666
-5;-1;-1.5382;-2.9991
98;-8;0.3179;0.872
95;4;0.7569;-0.3213
-182;-6;-1.7161;-4.1357
506;21;-3.3754;-1.9903
-446;-13;1.8847;0.4858
-69;-6;1.2126;2.356
-370;-14;0.6262;2.187
-154;-3;8.4148;5.3068
-139;-5;-3.5655;-2.7379
-147;1;0.9463;-0.2862
-666;-15;-4.177;2.4349
-73;-13;-3.1512;-1.8504
252;-10;-5.0477;-0.8904
779;42;0.7986;1.2432
46;20;1.9977;-0.2871
-292;16;-3.745;-1.346
60;8;-4.1835;-0.5268
-167;12;1.9042;-1.8987
223;16;4.7667;0.2774
-133;5;-2.0268;-3.9252
172;16;-3.3126;-5.5299
66;9;-7.5052;-5.9186
206;26;-6.8624;-7.2616
143;4;-1.5627;-3.0744
538;34;-0.1789;-1.7194
995;71;1.1724;3.5317
967;35;0.2662;0.1152
984;54;4.5807;1.2724
12;-3;-1.1397;0.9263
352;11;-1.2385;0.6133
426;11;-3.8454;-1.1213
-75;4;6.618;7.8998
-318;-13;0.731;1.3841
-144;3;0.8493;2.3772
-684;-7;-2.3233;-0.0635
26;6;-0.9541;-0.017
-228;-10;0.8015;3.0942
-718;-22;-3.4092;-2.4313
-93;1;-1.6426;1.7145
-179;-2;-2.9096;-3.5123
113;-1;-0.3519;-2.8262
-533;-16;-3.0579;-0.8077
-152;-1;-2.6593;-5.2259
-266;-10;2.439;1.8339
-252;-14;-6.1544;-2.6255
-180;-7;3.8129;4.2134
-519;-23;1.1233;-1.097
-161;-21;-2.4809;4.252
101;4;-1.6118;-2.9877
653;23;-1.8854;-1.4767
463;25;-3.5411;-2.4482
799;44;-0.991;1.6058
-263;-21;-3.0494;-2.082
-55;-7;-4.4014;-2.3076
-656;-29;3.6189;3.1738
1;1;-4.8929;-4.8163
546;28;1.4813;4.7134
115;-1;-2.2442;1.2651
698;6;0.6099;1.586
-840;-40;1.6661;2.1599
-202;11;-1.2583;2.4595
-651;-19;3.6754;4.7002
-12;4;-0.0852;-2.3488
-370;-15;-1.5262;2.1718
255;27;0.4364;3.6268
75;20;2.2346;4.3508
260;-2;0.9372;4.0572
82;11;-4.327;0.6914
540;20;-2.4251;1.4388
389;13;-4.6415;3.2321
-96;5;-2.0742;0.5618
-116;15;-0.3539;-4.3994
-227;-5;3.2971;5.0789
146;1;0.2553;4.5169
-465;-11;1.1184;3.1295
247;17;-2.9631;1.7878
132;15;2.3466;3.1099
-349;-18;3.0027;1.5389
-163;-7;-3.7923;-0.0746
-391;3;-0.9589;4.1366
-299;-8;2.0358;3.3406
-621;-20;-3.6595;-1.5616
-55;8;0.9189;3.8849
475;12;1.9235;0.5875
40;12;-1.5917;8.2976
-271;-14;2.5432;2.5336
220;18;-2.4966;0.7511
-152;-10;1.3388;1.9235
-273;-12;0.6175;2.0257
-295;10;1.9006;2.2922
-49;-10;3.4893;8.757
71;11;1.7261;4.2505
47;16;1.2372;1.7697
-501;1;1.0052;5.7549
463;24;-0.5087;1.5995
-186;-3;3.2972;2.2952
338;8;-3.5936;-1.6956
410;11;0.9766;3.8593
-273;7;-1.8074;2.1169
-908;-23;3.305;-3.8842
-335;-2;-4.098;-0.9571
-65;4;-4.3228;-1.9277
100;-1;-1.7514;1.0331
-138;2;-1.7391;1.7321
25;-2;-3.891;-0.6248
9;7;-0.7986;3.3422
279;9;-1.2859;-0.7053
599;31;-1.7271;1.0298
291;7;-0.5913;3.9507
802;8;-1.4916;0.5902
85;8;0.2064;-0.7815
-547;-6;0.2786;2.0271
250;5;5.5973;6.0016
-684;-18;-4.176;0.7648
699;25;-4.1628;-0.0839
520;15;-3.7447;-2.8161
366;19;-2.6511;-2.5238
65;1;-8.9544;-5.0192
457;12;-2.6298;1.0117
144;-2;-0.1174;0.5559
408;13;-0.5712;-0.738
-17;14;-0.9683;-2.4035
-590;2;-7.965;-4.4384
153;25;-4.4715;-1.562
-240;-10;-1.9524;-2.0731
-104;-5;-1.9952;1.2313
-79;-8;-1.6784;1.2257
498;1;1.0622;-1.511
-289;2;0.2402;3.6145
-481;-8;0.3799;0.6575
-115;-27;-0.492;3.0322
-74;-8;-1.4777;0.281
-298;-22;2.6166;4.3374
155;-17;2.5218;4.5821
52;14;-1.1342;-1.3049
-91;-5;0.42;0.5864
159;-17;5.5275;3.3679
-135;-12;2.2308;0.1327
-108;9;-1.714;-0.4934
151;2;-0.7994;0.3379
-456;-17;1.7805;2.1319
-107;-6;2.9412;3.213
-274;15;1.1427;1.6262
-335;-5;3.9973;5.9406
278;10;4.4429;6.9795
-204;-4;2.4068;2.0053
58;-3;-2.8174;0.5655
-421;4;3.819;0.7648
168;-20;1.9744;2.8457
289;6;1.5288;1.5816
260;-7;4.6719;4.6661
-665;-40;0.9547;-3.1806
102;7;3.2685;2.9973
186;11;6.9543;6.6465
-187;-10;6.5876;3.2163
-269;-5;-0.7237;1.9058
-574;-4;1.4111;4.7038
-392;-13;-3.3531;1.7659
82;3;3.5428;4.796
-505;-18;-1.974;-3.3498
-697;-3;-3.5592;-0.3074
-215;4;-1.1842;0.6279
-362;-1;-2.5185;-4.0085
254;15;-3.1158;0.681
-205;6;-1.2636;-1.1165
-614;-12;-0.7946;-3.3993
-357;-12;-1.5938;-0.4516
-301;-2;-2.1353;-1.9037
-116;4;-1.2931;-3.043
-261;-8;3.0227;2.9541
-212;-8;0.5494;0.8769
-1107;-16;-4.4711;-3.2443
-1247;-54;-1.2768;-1.3927
-541;-20;-3.51;-4.4427
640;27;0.2167;-2.3896
-95;4;1.2703;-2.6684
-102;7;0.1513;-2.0512
670;12;-0.5529;-0.7311
145;-8;-0.6371;5.0627
-362;-20;4.4262;2.822
-858;-40;-2.5601;-2.2918
-179;19;-0.5736;0.9012
-209;-1;1.8493;4.7997
-148;3;0.1177;1.8404
-581;-18;0.8059;6.7017
453;35;1.8105;2.7814
-405;-14;-1.0981;1.5126
658;16;2.7582;0.5608
-1305;-50;-0.6375;4.677
-835;5;6.7576;6.5686
432;20;0.7853;1.3449
231;-2;-2.6588;2.497
118;13;1.4163;0.5906
-573;-13;1.0879;7.2294
-164;-8;4.5669;5.8618
-317;-7;0.0638;1.8275
-416;3;-2.999;-2.6937
-284;-2;10.8107;3.7431
156;12;0.3212;-1.6672
-698;-39;-2.6408;-3.0194
167;3;0.1319;-0.0927
-299;-13;1.5521;-0.2659
515;23;2.0791;4.1856
-50;2;-1.4548;-0.184
616;41;2.0499;3.1778
449;24;-1.9007;0.7418
181;13;-2.8266;-1.2794
598;43;-1.1121;-0.0435
325;11;-0.2185;0.123
568;8;3.3982;2.1367
31;5;0.4925;-0.3257
350;19;0.2006;-2.2669
-294;-21;3.8731;1.6465
68;11;0.9523;0.0512
277;18;0.6531;-6.0973
72;14;1.3361;1.154
-567;-6;1.9276;0.4542
-933;-24;-2.1369;1.8595
-170;4;-2.8206;-1.9903
-202;-5;-5.209;-4.6527
-602;-4;-2.8794;0.0558
-413;2;6.9532;1.412
117;13;-1.4203;-0.1287
33;29;-0.6311;1.1893
634;21;-6.151;-4.353
-114;-17;0.828;3.8517
60;26;0.5737;-0.4546
-44;25;-3.8608;-3.8875
73;9;-0.0636;0.7176
-90;9;0.8613;2.0946
474;10;2.2315;3.8307
395;12;-0.0727;-1.3352
227;-11;1.9395;3.0614
425;15;5.0643;6.0168
-453;-9;-1.9485;-0.1201
-410;-13;-2.8651;-0.8495
149;10;-2.3264;0.5477
-581;-26;-1.7989;0.6556
-724;-37;-0.3775;2.0566
647;21;5.6531;6.9047
355;-8;0.8223;2.2746
162;-9;0.5741;3.9501
28;-7;2.7996;2.4801
333;17;1.4721;-0.5175
60;1;-0.8418;1.0798
61;3;-1.2507;2.0703
-160;-15;1.692;1.9062
323;1;0.0619;1.1763
173;-15;-0.6557;-1.6013
-203;-18;1.4764;1.8971
277;-17;-2.0719;1.2166
416;6;-1.1896;-0.8547
540;21;3.1006;4.4689
357;1;0.9981;1.3546
85;8;1.4084;-1.2795
606;-3;4.2865;4.8815
496;14;3.1407;4.4856
102;3;2.2342;3.8533
-334;-5;-1.0555;0.5178
-713;-33;-1.442;0.4987
667;9;4.5668;5.5547
731;22;2.9931;1.5373
-562;-39;0.9793;1.0084
210;6;-3.3682;-3.0731
12;-5;-0.1844;0.2444
-254;-13;1.8492;1.206
101;4;-0.6964;1.1934
308;-2;4.2079;11.0585
282;22;1.8965;5.6131
-105;-13;1.9777;0.8328
-4;3;0.0492;3.7921
200;12;0.5196;0.2296
175;16;-1.7606;-1.1907
243;26;6.7912;2.9119
23;2;2.0099;3.4137
-139;6;3.4109;-1.2982
193;3;-0.1274;1.8468
21;2;1.959;6.8677
-161;-7;0.5334;0.1242
-198;-2;0.0415;4.4858
-395;-7;-0.5113;-0.0841
270;7;2.2074;3.8623
-364;-4;-2.1482;-1.9755
24;-3;-1.2645;1.2085
92;13;7.701;7.3631
5;-2;3.2288;-2.2013
33;-19;5.9171;-1.3628
8;-3;2.4647;2.2245
366;14;-2.1594;2.2729
257;14;0.1612;0.3103
-47;-5;0.7641;1.806
-825;-34;5.7766;4.2645
25;-3;4.3846;3.8131
-78;-3;2.8089;3.0274
102;16;-0.1902;0.8508
-273;-3;1.8886;4.2444
-277;-10;2.0544;2.2708
-442;-15;5.2089;4.7779
-822;-37;0.5527;3.269
-200;-13;-3.3283;0.6088
370;-5;-3.0784;-1.3907
314;24;-0.6988;-0.4382
-356;3;-2.8944;3.6099
363;-4;4.9662;8.4203
81;-14;1.0827;2.2464
239;8;-1.8672;-0.4661
-289;-24;4.4758;2.7434
-446;-16;6.2204;0.9105
507;11;2.7516;3.5371
-67;-13;1.7993;4.6545
184;22;5.3799;4.9757
182;3;-0.9604;-0.0251
-154;-12;6.2463;3.4288
-323;-26;0.9878;1.3628
618;14;-1.1716;-2.3627
458;12;-2.736;1.2244
-63;-7;2.7149;2.3611
168;3;0.8871;3.3981
68;-5;4.857;5.3188
1426;28;3.0294;2.6096
-521;-11;6.3144;4.466
-19;-10;1.3408;1.7703
296;12;-0.8695;0.7039
-134;-12;3.1115;0.5704
-369;-18;2.3452;-0.7572
50;-24;0.1711;4.7548
-215;-4;5.287;5.2545
1076;19;-0.9037;-0.7902
-1303;-47;-0.2619;-2.3586
-709;-25;0.3841;3.1467
152;6;-1.5837;-1.642
-947;-27;-2.8716;-0.9271
-299;-4;-0.4408;3.5977
22;17;-4.5426;2.148
-358;-34;0.1142;4.8989
104;2;5.1412;3.5341
90;9;-3.52;1.0701
314;7;0.6757;2.6153
-374;-10;-1.9752;-4.9076
-563;-19;2.7829;4.6798
203;4;-2.459;-0.0464
-545;-7;-5.9846;0.608
-241;-2;-2.9045;3.3847
-620;-34;-5.2845;-1.5259
-80;-19;1.7539;2.6354
-651;-29;-2.9012;0.5171
-718;-27;0.5889;1.3575
-49;-15;-0.4183;0.3091
-302;-8;1.9669;4.7974
-179;-5;5.5822;8.3018
-556;-15;1.0952;0.8385
-19;-12;3.8789;5.1884
-307;-36;-6.3379;-2.5595
-305;-24;-4.2054;-6.6682
248;11;8.1485;6.6662
110;7;8.0025;6.747
324;14;5.2791;6.9631
-117;-7;3.4632;2.3476
157;3;4.8987;2.2819
-617;-25;3.4475;7.9569
139;20;3.3745;4.3662
-415;-14;5.6669;7.094
340;4;-0.6403;1.9426
483;18;0.807;5.882
24;-6;-3.2272;0.071
-138;-5;2.0506;0.0375
-324;-6;-0.1567;3.829
-161;1;8.7419;6.1064
-48;6;-0.2728;6.3663
749;56;3.241;5.3732
590;18;3.092;-0.9454
485;29;3.0968;-4.3163
1100;54;2.9767;-1.8263
-869;-17;-1.2735;0.1315
-202;7;-3.0661;-3.783
156;12;8.3002;6.1055
-473;-11;4.1686;2.8796
132;-5;-0.0512;0.4009
548;-1;-0.0997;-0.5383
-188;3;4.4272;-1.0384
194;7;-3.1167;-1.2005
977;37;4.3769;4.5856
-371;9;6.4897;3.1233
-327;-15;-1.249;-0.9932
391;-1;0.7206;4.1859
553;13;3.4833;5.0699
-424;-22;-1.908;-2.0985
43;-10;0.098;-1.2058
-99;-11;0.6004;1.3773
-128;-26;-1.4725;-0.4297
308;7;0.2345;2.0422
492;19;-0.147;-0.6238
451;14;-1.199;1.3381
392;13;-0.5417;0.951
937;42;2.1501;1.2626
12;3;1.2064;14.2788
-19;-8;-1.0682;15.9561
-69;9;1.1624;2.1072
70;11;-6.4265;2.9017
318;6;-2.4678;6.7812
175;3;-2.7244;-8.4382
-113;-3;-3.1194;1.8962
-520;5;-2.6347;-0.9809
-40;2;-0.533;-4.8706
-161;2;-1.5339;-3.6903
-73;11;-1.5333;-8.8861
-802;-23;-4.839;-1.0127
-110;-4;-0.4288;1.3016
-103;10;2.666;1.9083
-17;14;1.1023;2.1055
452;3;-1.7798;0.1313
612;17;-4.1593;-2.5842
30;-7;-3.8746;0.0956
-569;-25;-2.0677;-0.0269
-204;-10;-2.5691;0.615
325;4;-1.4999;1.131
371;-6;-1.4983;-2.1899
-553;-32;-1.3809;-0.7568
-397;-29;-0.5522;0.9218
225;-4;-0.1794;4.0089
471;22;3.1543;3.3914
24;4;-3.0838;0.2933
424;-1;-1.0601;0.0311
-424;-33;-2.147;2.2844
405;7;-3.1444;-1.133
-90;-29;-3.4073;-2.997
-94;-10;0.7032;2.1766
605;14;-0.9283;0.3993
-72;-8;-2.3569;-0.3916
269;15;-2.3043;0.5554
-184;-16;-3.6788;-3.1446
27;-14;-4.365;-3.4206
-189;17;-9.3816;-2.882
587;9;-4.1689;-4.3524
-497;-25;-1.2705;-3.9818
-43;-15;-3.3204;-2.0669
115;12;-3.5046;-4.4149
-118;-8;-3.8156;-2.8024
-87;-8;-4.4555;0.461
-540;-7;-7.1468;-2.519
-262;-21;-5.49;-3.6405
39;10;-5.705;-0.1392
-127;9;2.8003;-1.0233
-235;14;0.7524;1.9129
262;-5;-3.0851;-0.411
233;-1;-6.7073;-3.9278
-3;-16;-2.2631;0.4666
304;-7;-2.8535;-3.5427
294;-15;-2.3401;-1.6284
-84;-20;-0.9372;-0.1301
198;-8;-3.0469;-1.7958
-325;-21;-2.5105;-0.9731
343;-6;-3.3904;-2.1661
-49;-13;-2.8764;-1.4612
-10;-14;1.7938;2.1359
-771;-30;-6.8077;-3.4001
-756;-45;-1.7889;0.5644
75;4;-2.9527;-3.5482
24;4;0.5998;-0.3265
22;9;-1.8336;-0.5925
-536;-11;-1.8024;-3.608
301;6;0.4233;1.4324
-322;-19;2.699;0.9072
276;-20;1.8803;0.2557
55;5;2.428;4.4342
833;26;3.0644;3.682
-738;-54;-1.3216;-3.4967
221;-1;3.6201;5.1795
149;-12;-1.4242;-1.2796
168;-5;1.6752;2.0447
-456;-28;5.6449;2.8291
113;-15;1.8275;1.5347
69;-14;-1.2039;3.1182
-239;-5;1.0774;-3.3555
441;-18;-1.0757;-0.4955
-580;-14;1.5743;-4.5667
401;-8;-2.2615;-2.2994
-777;-32;-1.4524;-0.1163
-390;-7;4.3961;4.8722
-1041;-52;3.417;0.1399
242;11;0.4813;1.0185
-77;2;-4.7591;-3.4849
90;-1;0.8408;0.9502
-6;-3;-1.4329;-1.2495
309;7;3.5195;3.8124
50;9;1.1522;1.6471
-281;2;2.8891;2.0551
447;23;1.783;2.5977
355;31;-1.4449;-0.0378
-147;-14;5.5665;7.6113
-514;-25;2.0467;3.1862
-118;15;0.9207;2.1748
-342;-18;1.0608;2.9555
-350;-13;1.6622;1.3625
-330;8;1.0264;-0.0959
1021;34;5.7518;6.1475
36;-6;-0.511;2.6903
355;6;-1.1368;0.5726
-34;-1;-0.9509;5.4545
-563;-24;-1.3068;-2.2717
-606;-8;4.0888;4.8608
-192;-5;4.1724;-0.1107
-41;-16;0.6814;2.8953
462;11;1.4248;3.5818
-345;-21;6.8278;5.7567
-132;3;6.43;6.5604
132;8;1.0506;6.6067
-596;-16;2.9723;4.3305
590;24;-3.7862;4.2649
127;8;-1.4167;-1.0559
-29;-3;-3.4343;-1.6822
-653;-37;-2.2237;-2.1594
-703;-29;-3.6074;-2.6917
-9;-10;-7.7127;-6.2323
213;-3;-0.1489;2.8142
103;17;-1.1939;-0.9254
-331;-5;0.8314;0.3219
-306;-34;0.389;0.2374
123;-7;-1.0837;1.1384
133;6;-3.6382;-2.6039
-314;-7;-1.3743;-2.6331
-26;-12;-0.9826;0.7064
-153;-6;0.1316;0.407
988;3;-5.5592;-4.3021
-173;-32;4.3146;0.2872
242;7;1.9579;5.017
145;13;-0.1898;0.8469
475;10;0.1468;1.4975
-623;-32;-1.5066;-1.2274
136;1;-0.4607;-0.8614
-19;-1;1.0927;-0.5799
-11;12;4.5239;6.7261
-453;2;2.6216;0.4231
196;-24;-1.6416;-0.2367
-96;-3;2.4727;2.724
-219;-28;-0.7118;-1.7895
-124;6;-3.848;-3.123
188;24;-4.6272;-3.2901
-169;-8;1.0842;2.1473
428;16;-3.258;0.1691
226;-11;0.9848;2.6769
188;17;3.6082;3.3442
-384;-27;0.646;2.9865
524;45;-0.3136;-1.3632
178;-19;-0.2224;-0.1313
684;19;3.8389;-0.9548
80;11;0.3759;-4.8737
-122;-11;2.0776;1.5158
305;-10;0.7567;-1.3259
749;-4;5.895;2.7904
816;24;2.3152;2.253
-227;12;0.5257;-19.2605
-150;-5;1.4553;0.8594
-193;-23;-3.5357;-4.5453
734;58;2.5409;1.7937
-139;-22;0.0594;0.5194
519;20;4.2967;3.0561
-321;-17;2.1093;2.0442
-456;-11;0.862;2.3319
572;6;7.6113;5.0044
302;5;1.7872;-1.6845
-528;-24;0.5977;-2.3072
-657;-20;6.3397;-1.0158
300;23;1.005;-0.6298
-174;-4;0.9454;-0.3572
248;12;-2.2418;-2.9916
403;6;3.6868;1.2655
-629;-42;5.39;1.1917
99;14;1.1844;-1.5397
357;3;2.3696;0.3454
347;10;2.6923;0.7592
57;-16;3.9024;2.5102
-358;-18;4.4568;3.4323
-546;-7;3.5736;1.714
210;2;2.3089;-1.2885
395;19;-2.8041;-1.6713
514;7;5.7677;5.6451
606;17;1.7893;2.6014
678;26;3.5048;2.0539
-1095;-52;2.5106;4.0322
-1152;-37;-0.6575;-0.0941
-842;-18;3.0008;4.8223
-303;-7;0.3841;4.5119
-591;-19;2.4297;2.8405
-300;9;3.462;2.8561
-69;-4;1.6256;0.7242
-910;-17;0.5474;2.2843
-1737;-32;6.6374;3.4558
-909;-35;0.7229;5.127
-593;-22;-2.8939;-3.3171
-281;-6;-4.6423;-0.243
725;30;3.3974;5.3158
261;14;-1.9482;2.5375
-71;6;4.3723;3.4437
438;-2;4.0456;3.0759
-15;9;6.7517;9.2513
534;25;6.5136;2.735
739;17;-0.2493;1.1466
642;31;1.9561;1.7219
-6;-3;1.98;1.8042
834;36;5.063;3.6349
985;29;3.0012;2.8213
305;68;4.6913;2.4465
-193;17;-0.3622;-2.6394
167;-3;1.2321;1.3476
340;7;0.2287;0.653
871;54;4.0142;1.9683
275;-1;1.3923;1.2335
-638;2;-1.7572;-2.713
-290;17;-0.0389;-1.1208
-811;-46;5.1993;2.2135
714;26;-0.8163;3.7307
-224;12;1.231;3.6261
138;29;2.0193;4.3764
878;38;1.1343;2.0859
92;9;3.1286;2.4528
803;33;-3.1117;-1.9821
566;17;3.4206;2.1853
673;40;0.7596;0.1293
1;-14;-0.05;3.1716
-221;3;3.444;0.6438
413;16;-1.9944;-0.5843
857;47;1.2158;-1.1728
980;27;-1.0844;1.9335
347;2;1.4509;2.0739
67;20;0.8954;2.1014
-759;-20;5.0786;7.7132
851;15;1.341;2.1807
595;38;2.3039;5.0204
1004;28;0.5109;1.1372
336;25;2.063;1.8624
355;19;1.7301;0.4223
1334;35;5.531;7.9864
697;31;2.5031;2.8535
405;27;1.3478;2.1039
393;5;3.7379;3.1851
-130;12;2.2463;-0.6171
149;4;3.9819;4.9132
360;11;-0.063;-0.9066
-414;-5;0.848;-0.6089
208;-9;-1.6621;-0.2974
88;-8;-4.9992;-3.1154
207;7;-5.4464;-4.253
590;30;0.3569;-0.1386
251;7;-0.763;-1.5678
-138;25;0.7742;0.6694
-437;-21;-0.4333;1.8232
-705;-13;1.0472;-3.6972
943;40;1.1254;2.1226
532;23;-1.0845;-1.1449
-434;11;-2.2733;-4.6695
-53;28;-0.5612;1.3581
-1305;-31;-1.5435;1.4435
-67;14;-1.6969;1.5438
-412;-3;3.8535;2.823
-492;-42;-0.544;-0.945
-606;-19;1.3063;1.5008
-250;-22;4.158;1.1507
-1358;-56;-1.9896;-4.3066
341;-4;-0.374;0.9721
311;2;-2.539;-0.2298
-18;-19;-2.6782;-0.4664
296;-8;-4.1803;-1.3071
709;13;-4.8765;-1.0354
136;4;-2.9566;-2.0124
-358;-22;-2.373;0.16
-30;4;-1.8937;-2.3273
-44;-12;2.1013;1.7389
-167;-21;0.751;-1.0508
342;9;0.1512;2.2407
428;-17;-1.5831;1.7511
-327;-20;-2.161;8.5494
-199;-13;-5.3352;-2.3571
9;-5;-5.0523;-2.191
-92;1;-2.1729;-0.6342
-262;-17;-6.9509;-2.2832
-247;-16;-2.0922;-0.5646
-410;-7;-3.5797;-0.9186
-35;14;-2.005;0.0911
-273;-3;-0.099;-2.0253
-14;3;0.6295;0.7845
-206;-4;-3.7536;-1.9343
-208;-6;-2.6972;-2.4142
-369;-10;2.0837;-0.0591
-374;-23;2.2574;1.6938
68;-11;-0.0079;0.2374
-292;-21;2.2979;5.1577
495;-2;0.6909;4.711
-207;-12;3.4083;0.9302
407;9;-0.3886;1.7944
-218;-28;-0.8157;0.832
13;-14;1.5709;3.6095
129;-3;-6.9525;-2.606
-49;-7;-3.0933;-3.2561
-187;-10;-3.5143;-2.2093
310;15;-2.8347;-5.1554
48;-9;-2.5353;-1.9433
120;2;-2.701;-0.9192
-115;-9;-1.6371;-1.1799
2;3;0.499;-0.9939
-293;-21;-3.2568;-1.6846
212;2;-2.295;-3.3029
-301;-19;1.621;-4.0888
-197;-7;-2.5557;-3.5099
1033;36;-2.5605;-5.7362
-316;-15;-3.4723;-4.7228
-300;-7;0.5203;-2.8811
652;18;-3.7217;-5.1836
8;12;-3.5714;-4.9994
386;1;-4.0229;-4.8442
-11;-1;-1.2788;-4.29
882;34;-1.9696;-4.0872
-639;-29;2.2335;5.5398
-733;-19;-0.7355;3.3933
118;6;1.909;1.3783
-689;-19;1.4193;1.1078
200;9;-0.4392;-0.9132
-504;-4;-0.849;-3.7532
-355;-3;7.4574;1.9434
60;28;-2.9703;-0.1423
-1303;-53;0.522;-1.7444
644;24;-0.3245;-0.5699
-184;3;-0.8373;0.2757
425;6;-1.1225;-2.7641
795;19;2.8049;-1.3883
703;23;-3.1735;-2.9464
409;18;-4.026;-2.3384
-203;-2;1.9752;0.1811
106;5;-1.0904;1.1647
603;10;-0.851;-1.1343
201;-20;0.4228;-2.1977
-740;-28;0.0313;0.0942
61;5;-4.699;-6.0756
220;2;0.7108;12.6366
-671;-19;-8.272;-6.7356
226;-7;0.1064;-2.8379
-616;-22;-1.8281;-3.8172
15;2;0.9022;0.7897
-551;-25;1.1204;1.8474
-454;-13;-3.1725;0.9656
-836;-35;-0.3532;-3.3227
7;-5;3.211;2.7375
14;10;2.6095;1.7481
-190;4;0.2722;1.8558
246;6;-1.6982;-3.0522
754;37;-1.2649;-2.5485
708;24;2.1136;5.8444
-385;-24;0.4187;1.8645
250;30;-3.5285;-1.2461
-473;-15;-2.2494;-3.8887
111;2;1.4085;-4.0034
-354;-12;-3.137;-0.3489
-69;9;1.5558;1.0363
-495;-8;0.6029;1.0033
-2;3;0.4518;2.1836
-454;-20;-3.2428;1.6153
168;3;1.43;-0.5363
-427;-5;5.9559;1.5473
-605;-7;-4.1177;-5.8678
-157;14;-0.668;-0.0598
1039;22;0.4604;-1.88
61;-6;-0.469;0.3368
25;-5;-0.2834;4.6701
-52;1;-1.4687;-0.3042
330;18;1.3153;-0.8307
254;6;0.7235;0.3834
252;2;-1.2561;2.3924
-56;18;-4.0578;-3.6952
224;12;0.2426;-2.1175
231;2;1.205;1.568
697;52;2.5301;0.9635
-91;-3;3.2988;2.9347
316;17;-2.4105;-1.6528
601;14;-2.5297;-0.5643
-185;2;0.3724;0.168
-368;-23;1.8981;2.0406
127;4;1.2947;-1.3413
-885;-32;1.2466;-3.2969
-57;1;5.3332;-0.4162
-454;-19;2.1114;0.9143
504;21;-5.5656;-3.7143
104;13;-0.7819;-0.5094
71;-13;-0.4611;0.3259
504;10;0.3031;-2.2759
122;6;-2.5738;0.4792
-309;-14;-0.8653;0.5689
55;-18;-4.0524;0.0966
128;-7;-0.0833;-2.1649
384;22;-7.5181;-6.8631
-16;-4;1.2947;-2.6957
-98;8;-0.4158;0.3643
-64;1;1.5165;-0.6344
42;-5;-2.3479;-5.5162
-247;-35;-3.9802;-4.4387
730;29;-4.7115;-4.5451
-399;-24;-3.9528;1.0209
473;15;-0.6714;-2.8996
-611;-28;-2.9665;0.3241
-97;-5;0.6872;1.924
518;-7;-0.0544;1.7382
382;18;-6.4711;-6.5083
820;23;0.2426;0.3325
392;11;2.4878;2.1073
116;2;-4.9505;-6.9208
-322;-10;-2.7307;3.9616
409;13;-6.662;-3.8956
-404;-25;-4.6277;-0.9277
-428;-25;-1.9178;-4.6326
-902;-44;-0.5052;0.1469
330;9;-2.9147;-1.5896
-671;-19;2.2466;-0.5695
-395;-22;-4.6627;-1.7852
-618;-37;0.6524;-3.0816
290;-12;-0.1344;-2.0968
-223;-19;1.2455;-1.053
163;-16;-2.86;0.0364
299;13;-3.9141;-2.44
-195;-17;-2.9566;-3.5807
741;7;-6.2859;-6.3822
308;-5;6.9923;2.8378
227;8;-2.3422;-1.9362
261;-1;-1.4632;-3.5602
-97;1;-1.4728;-0.0197
78;-16;-0.509;-0.09
514;8;-4.9135;-0.9057
-209;-27;-1.4841;-2.3526
-369;-12;-0.0455;-3.0552
-201;-6;1.4868;-1.3424
-158;-8;-1.2022;-3.7561
-43;-12;-1.9294;-0.68
-305;-22;1.997;0.7039
-6;-9;-1.6641;-2.4059
42;1;-1.5093;-2.3651
157;4;0.7387;0.1494
155;28;-2.1461;-3.7197
414;5;-8.5227;-8.2542
64;2;-3.8805;-6.9706
345;20;-5.3928;-3.0716
183;6;-5.8668;-3.1458
-33;5;-4.732;-4.0005
-431;1;-5.5857;-3.6782
242;-1;-0.816;-3.4782
-50;-16;2.7607;1.9279
-137;5;-6.3279;-5.8475
626;18;-2.3603;-0.9552
217;4;-3.3262;-1.5233
523;28;-2.011;-0.8662
-96;-13;-4.5296;-2.2059
5;-6;-2.642;-2.5235
430;3;-3.4587;-0.0799
-224;-5;-1.0629;-4.285
158;-1;0.3135;-0.0917
-259;-13;-1.901;-1.1345
-147;-19;-2.2766;-0.6617
191;5;0.7656;1.0027
227;14;0.4034;0.0664
538;20;-1.0168;-2.432
-232;-15;-4.1273;-3.8478
-118;-17;-2.8963;-2.1848
360;21;-0.6462;-2.0923
4;-1;0.072;-1.5556
11;-6;-1.72;2.7613
375;-2;-3.8409;-1.9946
53;-10;-1.1251;-0.9437
668;38;-3.7919;-3.1838
-80;-3;-0.4397;-1.0324
-137;-10;1.2133;0.7884
8;-20;-0.7833;-0.7869
-20;-5;0.261;0.5513
57;5;0.9713;-0.6777
-74;-1;-1.1214;-1.0027
-260;-20;-1.4947;-2.1089
276;-3;1.0831;1.1927
-796;-40;-3.3702;-0.9022
393;2;-3.0843;-0.4263
121;-3;-1.4531;-1.4453
-315;-11;-2.3688;-1.8055
-169;-18;-1.9019;-2.7529
71;-4;-6.8607;-6.8057
-735;-19;-0.6585;0.1305
53;-4;-2.0551;0.5744
607;10;-4.743;-6.6318
258;19;-1.8135;0.8735
170;-4;-6.4071;-3.988
312;18;0.5335;1.6053
-109;-15;-2.4686;-2.9257
125;-9;-3.7976;-1.7567
113;8;-0.9464;-1.4388
-318;-32;-0.3878;-1.6636
-575;-30;-2.507;-1.603
-561;-21;-3.9906;-2.7454
362;25;-10.2113;-6.1004
-460;-14;-0.4519;-1.9621
-90;-15;-5.3737;-3.4817
-164;-16;-1.4907;-0.6956
348;-3;0.5745;-2.7035
766;10;-2.8735;-3.0599
222;-8;-6.5214;-5.4034
425;-12;-7.2435;-4.2639
-318;-20;-10.2841;-5.9997
74;20;-2.809;-1.2475
-227;-11;-6.051;-4.1177
-87;-14;-4.7139;-1.7214
-356;-10;-9.9074;-6.5691
-186;-17;-4.7439;-2.2395
-267;-14;-0.2887;-0.5562
-506;-21;-2.3593;-0.2249
-474;-36;-5.72;-0.3469
-292;-15;-0.2825;-1.0831
184;3;-3.7056;0.1783
-74;-6;-2.5834;-0.7429
128;1;-3.0658;-2.0052
-16;1;-1.4407;0.0113
234;1;-1.3118;0.0908
55;-8;-4.1928;-3.3992
611;11;-3.2257;-2.3176
820;44;-4.5914;-3.6675
-14;6;-2.7288;-1.6819
-318;-1;2.2087;0.2699
-659;-7;-2.7142;-0.2636
-191;7;3.5847;2.2392
24;6;-0.6968;-1.0258
510;7;-2.0498;-0.9623
69;-6;-0.5704;-0.0463
-217;-18;-7.6507;-6.8512
410;-1;-3.0742;-0.241
-484;-21;-6.2443;1.2179
-34;2;-3.2818;-6.6332
-147;-3;-6.8017;-2.3375
-405;-10;0.2314;3.1819
-112;-4;1.5563;-2.9365
-350;-13;1.3178;0.1717
-196;-10;-0.4058;-1.9195
325;-1;-2.3908;1.8744
150;6;-1.721;-0.5098
383;5;-0.244;3.5465
75;-1;-6.21;-8.0063
67;-6;-1.2224;-2.7747
-428;-19;-7.08;-3.8963
-12;8;-5.0931;-5.1079
-192;2;1.0354;-2.1969
-263;-3;0.0754;-1.1321
-366;-4;2.3798;2.2198
-37;5;0.5044;0.1906
395;21;-2.215;0.4525
357;41;-4.4243;-2.0972
-553;-20;-1.9603;0.7494
168;9;-4.095;0.1017
483;16;-1.1232;-0.8521
-93;16;-3.7279;-3.2971
274;11;0.5967;1.0096
107;7;-2.5421;2.41
-94;-1;-2.5499;0.8541
13;3;1.5591;2.532
52;-3;3.0571;2.7163
217;1;-2.5015;2.2293
241;4;-2.1501;-1.9389
516;22;0.118;0.9876
52;-3;0.609;0.4614
-476;-11;-1.6825;-1.8
-561;-28;1.8082;0.6091
-328;-4;-3.1939;-0.5659
343;5;0.0769;3.163
417;17;-1.7203;2.9539
-178;-10;-1.2397;-0.5976
-458;-16;1.1088;-1.3275
-979;-27;-2.867;-2.3171
-344;-20;5.0455;7.8671
11;-17;0.4132;5.4336
271;10;2.9333;4.8111
81;4;-0.1132;2.7193
-779;-32;-1.6105;-1.8373
-562;-16;-2.6859;-1.5334
-311;-26;-1.0345;-0.6657
-211;-30;2.3929;1.5045
42;-2;0.6899;-0.5329
-212;-7;1.3571;0.8214
-309;-13;-0.5017;1.1966
-285;-13;-1.0161;-11.4295
-414;-23;1.5321;6.6324
-451;-16;0.878;4.6911
373;3;3.4238;-0.9194
-60;-9;-1.4591;-0.5711
-599;-36;0.3225;0.7077
-336;-22;0.0616;0.2572
-923;-29;-0.1876;-1.4125
-418;-23;-0.0625;0.8819
-176;-18;0.4011;-0.2758
-990;-39;1.6549;1.4159
-695;-35;-1.0387;0.0568
163;-8;5.3939;4.8869
-1131;-39;-2.9664;1.7166
-668;-22;1.9811;-0.8616
-41;-5;0.2803;3.1722
-302;-16;-2.3886;-0.6495
-267;-6;1.1636;-1.5927
567;27;3.6197;1.3626
-156;-10;3.6219;-0.9749
352;32;-1.9326;-1.4902
-565;-27;-2.1591;-0.1596
415;14;1.7476;-0.7487
69;15;-4.301;-2.0424
-292;-1;-1.7329;-1.3763
-235;-13;-4.422;-2.8245
-432;-16;-2.8142;-2.0664
329;15;-2.7412;-1.4284
-138;-10;-1.4336;0.4477
9;-3;-3.3807;-2.9308
-355;-34;-3.5183;-0.5552
295;4;-4.629;-2.7709
-112;5;-6.0958;-6.3981
608;32;-2.1412;-1.5555
-784;-51;-2.194;-0.1845
-631;-34;1.6775;-1.8071
155;11;-2.1414;-3.9953
-550;-25;-0.0999;-1.1626
326;15;0.6083;1.4511
-132;-5;-1.9635;-0.9069
-80;5;-6.0342;-4.665
-411;-12;-1.977;-0.8957
-370;-8;1.8851;0.1759
-239;-20;-2.416;-1.8098
40;-17;-3.8535;-1.9677
1;-13;-4.4007;-1.5016
-501;-23;-1.3346;-0.1898
-31;-16;3.2944;-0.2236
-271;-17;-0.389;-0.4293
-351;-9;-2.0695;-3.7948
76;-20;-3.4395;0.0661
68;-3;-2.0984;-4.2645
12;-6;-2.0017;-0.4604
-514;-40;-5.8271;-1.4318
-227;-3;-1.4049;-0.0632
-294;-17;-4.4335;-1.7831
-321;-13;-3.7941;-0.3464
-114;-12;-2.3965;-1.9652
-679;-33;-1.4707;-1.6056
-517;-14;-0.8839;0.6135
-256;-8;-2.8059;-1.8165
-241;-11;1.1551;0.7933
137;7;-0.3556;1.103
141;9;-0.0496;-0.1944
302;5;-0.6155;0.7669
-203;-7;-0.3252;-0.2963
431;18;2.8335;3.0256
194;18;-0.4837;1.0374
327;-8;-1.808;-0.4643
337;2;-3.6707;-1.3799
120;-15;0.7155;-1.5605
300;-4;-3.1403;-1.7687
400;6;-0.92;-0.3894
112;5;-1.7712;-0.3864
265;13;3.1672;1.6503
123;4;-1.1024;0.627
643;17;-0.9253;2.2532
-37;-6;0.3114;2.5508
208;4;-1.8378;-1.9232
-361;-28;-2.8365;-1.4991
-302;-7;-1.5371;1.4462
452;10;-4.9545;1.1513
198;-7;0.2609;-0.51
-555;-42;-2.7409;-0.1645
-245;-13;-3.1722;-4.4456
-208;-17;1.2772;-3.0176
88;-1;-0.3847;-1.7006
256;12;-1.8011;0.4286
-391;-29;0.298;0.6627
-450;-24;-3.0701;-3.3756
137;-7;-3.7544;-2.5134
-331;-25;-4.1524;-2.6461
-197;-15;-1.4136;-0.4555
-513;-42;-2.1319;-1.44
-265;-26;-4.1128;-2.5359
39;-9;-2.8816;-0.009
280;-9;-4.9421;-1.3342
545;5;-2.8646;-2.2722
-469;-33;-0.0276;-0.2663
320;3;-3.7335;1.0691
342;6;-0.0764;0.4676
-21;-17;1.787;4.0798
-501;-25;-4.7885;-0.9185
32;-12;-2.317;-1.5877
21;6;-3.3827;-3.121
-200;8;-1.2233;2.5867
670;4;0.7907;-3.0452
-421;-24;-5.229;-4.5131
41;1;-1.4777;-1.1734
447;3;-3.4213;-3.3546
534;10;-3.0333;-1.0573
-648;-30;-0.3273;1.082
25;-10;-1.1125;-0.0379
-149;-9;-1.0514;-0.9755
-433;-27;-3.2161;2.0192
-610;-40;-2.8362;-2.2493
95;-5;-3.6685;-1.8052
130;-10;-1.8151;-1.2539
-292;-26;-1.5141;1.5412
691;8;-3.4495;-2.0877
-296;-16;-1.519;-1.5164
232;6;-2.0007;-4.059
127;-7;-3.7489;-1.991
-285;-17;-1.358;-0.4632
-134;-8;2.7879;1.0532
-718;-30;-1.2241;-0.8662
-363;-17;-1.9755;-1.9592
276;3;1.04;0.0919
145;-6;-0.877;0.1085
-180;-26;1.2027;-0.8943
465;14;0.7019;-0.9009
78;-22;1.3177;-0.9543
245;7;1.087;-2.1639
-5;-3;-1.2769;0.2379
-216;-21;-0.8885;0.9089
-49;-3;-1.4606;-2.0949
153;-16;-2.0556;1.2378
457;1;-0.2648;-1.7972
72;10;-2.8138;-1.1761
543;24;-2.8968;-3.7053
295;9;-1.6249;-0.5411
80;-9;-1.3114;0.7107
-309;-31;-3.4846;-2.1846
-248;-5;-3.8115;-3.7837
47;9;-2.247;0.5804
-660;-39;-1.8025;-3.518
-587;-41;-0.5966;-1.5068
-550;-34;0.9324;1.9358
150;9;-2.6632;-2.8401
-47;-15;-2.3302;-2.905
-608;-33;-0.5069;-0.9834
280;-16;0.5271;0.4196
-129;-10;-1.3051;-1.5938
-349;-19;-1.7618;1.0431
394;3;-1.3527;-0.373
-172;-7;-1.4464;0.498
-580;-39;0.9447;-0.8066
-572;-25;-0.2228;-1.4444
-574;-35;-2.441;-3.2107
-570;-30;-1.5219;1.5105
-109;-2;2.1388;5.1829
898;19;-5.0715;-5.4189
284;-2;0.1461;2.0895
-216;-14;-3.1381;-2.9899
26;-6;0.491;-0.0388
134;17;-8.9864;-0.1641
165;-8;-3.0576;-1.8379
-205;-19;-2.8808;-0.1985
-406;-38;-1.542;-0.9117
-2;1;0.6211;3.279
-495;-34;-1.5282;-1.3416
376;-1;-1.7485;-5.6071
101;-2;-0.9976;-1.828
113;2;2.531;3.6425
185;4;-2.6814;1.1907
-74;-6;-3.2547;-5.3324
85;3;-1.7715;-2.6704
623;19;0.9348;-1.2764
51;-1;-1.6385;-2.8709
-549;-20;-0.1692;-0.6264
-196;6;-2.6792;0.4272
-532;-25;0.7385;-0.5207
148;4;3.5085;4.0739
102;-12;0.2132;-2.7254
-331;-25;-1.8391;-0.1751
-97;-17;-2.8711;-0.4192
-303;-3;-2.0549;-2.9286
-726;-31;-3.4739;-2.0715
-170;5;-5.8977;-2.5676
-581;-23;0.0679;1.2126
-532;-20;5.0046;6.6341
-698;-18;-0.5901;0.4184
-376;-8;0.4725;3.0778
-566;-13;-2.6997;0.9807
-152;3;-3.6657;-1.6415
-909;-24;-3.1357;1.1324
-677;-30;1.1854;0.9184
-254;-11;1.1986;0.3961
-863;-17;-1.1307;-1.9719
-816;-12;-1.7262;-1.4948
-1000;-15;-0.4451;0.4471
365;-1;-2.3765;-6.0913
-538;-14;-0.2783;2.7793
332;6;-1.756;-1.4863
-410;-26;-3.3703;-2.3649
14;-13;-2.2686;-1.3678
348;1;-4.877;-4.7538
602;20;1.626;-0.7328
-468;-4;-2.1989;-4.1901
-211;11;-5.0965;-6.6617
417;18;7.4484;4.2224
-378;6;2.629;2.7063
-1226;-40;2.6225;0.4497
531;24;4.4584;3.6275
-260;-19;-4.4617;-6.8781
-567;-19;-0.7131;-5.2438
525;11;1.0141;1.5856
701;38;0.9332;3.3913
131;1;0.0259;-1.8538
660;23;-2.9627;-2.673
-419;4;-0.4926;-1.3593
604;33;-2.5909;-1.0695
409;20;4.4817;3.742
-607;-34;-1.2223;-3.7483
-186;-4;-1.7359;-2.7402
674;42;0.7184;0.7112
-892;-25;-5.0019;-1.5768
-996;-30;-3.3908;-3.9271
-343;-20;-1.9474;-1.6486
67;16;-0.2404;3.6049
274;21;1.3401;3.6435
94;6;-2.8906;-3.4205
437;8;6.9075;6.9861
15;-1;-5.1483;-5.0161
599;15;-2.3789;-0.3144
224;22;1.5459;3.4483
130;23;0.2647;-0.7823
227;19;2.1724;1.457
312;26;0.1851;0.0152
-19;16;0.1471;0.508
-53;-5;0.9308;-0.9957
354;9;-1.8574;1.27
72;-24;-1.0077;-0.0273
433;24;-7.5105;-5.9767
410;32;-5.2943;-3.2253
214;4;-0.2609;-0.7047
-550;-33;-2.358;-1.6661
298;22;0.8339;1.8437
648;16;1.1155;3.2107
345;15;2.7231;3.3547
109;4;2.5499;2.3868
-305;-24;4.3442;3.773
413;7;-2.707;-0.6664
-2;-2;1.7452;0.681
49;8;2.0738;2.9643
-265;10;0.5965;2.0744
-574;-5;-1.3836;-0.9448
-75;-22;4.496;2.1641
46;4;-2.4699;2.5168
164;15;2.2253;3.7029
13;4;-0.3895;2.1002
19;13;-2.7952;0.9235
-723;-7;-0.8753;2.5513
111;3;-0.8394;1.2853
130;7;-0.0542;10.4569
-17;8;2.2507;1.3853
-585;6;0.9557;0.5895
26;-4;2.0732;-0.7418
131;-1;3.2745;2.6883
656;16;2.6758;4.9996
184;-6;1.8164;5.502
-42;6;-4.0841;-1.7375
355;2;-1.4158;-0.5601
-535;-16;-0.7001;0.8203
-49;10;3.4965;2.9086
150;13;0.5197;1.4507
-733;-16;4.2717;3.3531
124;21;3.157;0.6947
-668;-26;-1.0755;1.4568
208;27;0.3555;3.3456
-830;-37;-4.0979;-3.9574
437;13;2.3951;5.7211
26;13;7.3828;4.5504
140;2;2.2105;4.8463
42;-5;-0.2694;2.6688
25;13;-1.639;-2.7334
-253;13;4.0741;-2.0555
-692;-5;2.8063;2.3918
739;25;3.8973;2.2307
229;18;-2.7255;4.7036
30;12;-2.5991;-2.5001
201;4;0.0676;0.3035
227;3;-3.6427;-0.1979
-296;23;4.7941;1.0458
-196;1;2.8897;5.9302
-744;-25;6.916;5.2493
-58;-13;2.7611;5.274
328;-7;4.9551;4.8536
-761;-28;0.6522;5.1032
50;-3;1.6086;3.0017
-149;1;-0.5674;-0.6857
-146;-2;2.2187;2.0093
-667;-29;1.046;2.191
-311;-4;-1.0209;6.7572
-906;-19;2.2776;5.1329
-284;-3;2.5512;1.3785
-815;-47;4.1456;4.2315
169;13;1.5981;-0.6985
-554;-20;-1.2812;-1.5727
130;-4;1.5682;0.338
-137;-19;-0.249;0.0348
-679;-43;1.2942;2.284
-682;-43;-0.852;1.0705
46;-4;1.107;0.1674
-124;-26;-1.7811;1.2726
-525;-21;-0.3356;0.0114
-1275;-59;4.3514;-4.4659
-177;-4;3.231;-0.8997
270;3;-3.7878;-0.502
1351;53;-6.1698;-4.7162
567;26;-3.556;-1.2495
504;7;-3.2278;1.9865
-400;-13;-1.6279;0.3741
158;-13;-2.867;0.474
862;32;-3.7136;-4.6781
599;17;-2.573;-1.3286
-1200;-22;-0.6108;-0.9492
251;14;-5.4369;-4.7931
288;21;-2.6371;-2.4356
169;-5;4.7842;4.4506
22;1;-4.9204;-8.5202
610;21;-0.9349;1.4331
-283;-7;7.5497;3.4973
98;13;-4.1175;-1.1344
-116;-12;-3.4533;-2.0819
189;7;-3.6859;-0.5734
-229;-3;-2.7601;-1.4055
160;15;-6.1844;-4.5958
-610;-30;-3.7011;-4.2457
-85;-12;-5.7451;-2.3754
-271;-13;-0.3208;-1.3427
-616;-31;0.1283;2.3568
-64;-11;3.3829;2.6492
-610;-5;-1.0384;-0.4385
616;34;-3.1728;-4.2255
-578;-9;-2.4649;-1.3744
1027;59;-1.242;-4.1609
15;11;-4.3789;-2.5839
546;24;0.1894;-0.6138
262;24;-7.2407;-7.0214
334;9;3.5475;0.5955
-66;7;6.7366;1.0845
-255;14;-2.2401;-1.8927
-128;17;-1.4448;-3.9582
69;18;-3.8806;-6.5704
684;11;-2.1201;-2.0362
401;17;-4.3071;-0.744
1284;45;-1.3309;-2.8316
588;17;-0.8246;0.7518
1356;44;0.8847;-2.6961
752;34;-1.0746;-0.0612
796;36;-4.915;-3.2751
976;33;-1.8726;-1.0774
840;24;-2.0565;-0.8511
468;17;-0.6409;-4.2749
548;22;1.9904;0.6648
626;21;-2.2974;-2.1588
1073;51;1.8991;3.7406
581;33;1.4628;-0.8691
-81;-21;-1.8036;-6.3513
-465;-1;2.7261;-5.5495
313;19;1.9516;-2.6514
-476;1;-1.2703;-1.8408
883;20;-1.2116;0.0325
721;15;2.2606;2.5421
394;22;-2.9422;-2.936
774;36;-2.9913;-2.6169
-57;9;2.262;1.7884
572;23;2.6952;-1.6651
178;22;3.7219;-0.7428
195;27;2.5606;-0.7667
-284;5;-1.4387;0.7164
-117;8;-4.5005;-3.175
683;42;2.576;0.8615
712;38;-5.9315;-6.7838
63;6;-2.952;-4.6124
-163;4;-3.1396;-4.6655
-649;-2;-0.7847;2.8399
158;29;3.8817;0.7834
87;5;6.1353;-0.9697
312;28;4.4802;-0.6955
-451;-20;0.1373;-5.3718
-135;7;5.2833;1.5166
357;15;7.7041;3.9507
856;53;2.4953;3.5763
-235;-5;0.4115;-3.7016
-442;-8;1.3905;-4.6146
144;1;-0.5002;-2.7876
755;36;1.0186;-4e-04
-199;4;-4.1391;7.5904
-445;-14;3.0614;0.2297
97;2;-1.6494;0.4653
-719;-31;1.5468;1.4447
-174;-11;-3.8933;-3.948
318;11;-0.8687;-1.5689
-432;-5;-4.1762;-0.1971
1034;19;7.2668;3.247
241;5;1.6149;0.2702
869;36;0.2351;-0.4893
307;36;-0.2462;-0.669
1;-3;0.7594;2.309
158;-4;3.7374;1.6117
401;14;0.0664;-0.4525
224;20;-0.2062;0.0747
355;4;1.4214;-3.4717
-192;4;0.2297;-0.0099
1366;57;0.5489;5.5916
-201;-10;0.9823;-5.2851
-205;-18;-2.2008;-3.2121
-121;16;1.0061;-0.8717
-621;7;2.1629;3.3064
54;-17;2.6853;0.0381
761;30;-0.2303;-1.5157
1026;43;2.5881;0.8896
716;24;-1.2096;-0.6997
-322;-6;1.4747;3.7943
401;15;-4.8871;-3.7456
-326;-6;0.1393;-2.4621
-287;-11;-3.2741;-1.2051
376;15;-2.9384;-0.8671
-451;-6;0.2459;0.1809
-395;-18;-5.4592;-0.6616
150;-10;-1.7847;-5.7628
644;20;-7.1839;-4.4671
300;1;1.6971;-4.8195
433;21;3.5461;1.78
948;34;-2.4338;-4.5378
-575;-17;-0.2103;-0.2143
448;10;3.9506;-1.0349
-32;-9;-6.0975;-8.6103
202;24;-5.3969;-3.5292
325;21;-5.6247;-1.7429
55;3;1.3304;0.2664
-581;-21;0.6607;-1.0852
-788;-31;-4.9573;-4.1539
-224;-2;1.3795;1.6931
-213;-12;0.0042;-1.4351
-499;-19;-0.4057;0.3995
-667;-21;6.9676;1.9658
97;11;7.591;2.599
980;29;1.3184;-1.8033
-109;8;-2.8044;-0.7428
-150;-11;-2.3179;-2.2863
-58;-17;-3.2283;-1.087
543;24;-1.9879;1.6572
833;31;-0.7176;0.208
-33;-14;-2.5733;0.0362
103;5;-2.2771;0.4857
61;2;-1.8394;-1.6471
66;3;-2.5344;0.4439
213;-6;-3.1285;-0.2336
152;-6;-2.1413;-0.6287
100;1;-2.4599;-0.2752
206;-8;-2.6682;-0.2852
-43;-6;-0.29;-0.9828
14;-9;2.4346;-0.7023
406;17;-4.4929;-0.9301
316;1;1.3617;1.7611
65;-4;-4.5908;-1.0188
463;8;2.4658;3.9538
117;11;-5.3767;-4.5098
-498;-40;1.4774;1.455
474;5;-2.4982;-1.3118
-97;-8;3.1011;3.2847
-131;-13;-4.6511;-2.5673
379;11;-1.7864;0.2807
-284;-19;-3.5065;-0.8093
193;12;-7.7088;-3.5665
471;14;-0.5961;0.1259
42;3;-2.0475;-5.2042
91;-3;-5.1236;-2.1386
720;25;0.0527;1.7358
-295;-26;-1.7751;-1.9052
535;2;-7.2936;-7.2366
-52;-3;-3.2959;-1.8473
-317;-3;-3.9001;-7.6307
-460;-24;-0.6469;-0.2928
-295;-22;-0.3189;-1.9564
155;1;2.718;3.5174
356;-6;-1.4458;1.5388
-107;-26;-1.1233;-2.5139
285;-3;0.4033;2.062
-918;-33;-3.3558;-3.3801
-84;3;-1.7904;-3.0387
-331;-21;-5.7198;-0.975
-22;7;-0.8414;-4.1727
-119;-13;-3.4685;-2.8784
30;-3;-4.5705;-2.6477
-167;1;-0.5484;-0.8438
-566;-31;-1.2942;-1.9076
-508;-17;-2.1419;-2.1653
-62;14;-3.8054;-4.838
-596;-43;1.9024;-0.5289
599;17;-0.8777;-3.572
36;11;-1.6787;-0.3672
-124;-18;0.1356;-2.0451
-8;-15;-2.8873;-3.3807
-626;-25;-2.1771;-5.218
24;-6;-4.3465;-3.4591
416;-13;-1.5017;-4.27
-275;-36;-2.9312;-3.8388
101;-6;-2.252;-3.3587
689;26;-1.8232;0.7791
564;6;-0.1073;-2.8779
302;8;-1.2321;-0.6153
-606;-30;-2.5831;-0.7865
133;4;-1.5377;0.6975
330;14;1.4766;1.4773
-611;-18;-1.0995;0.5255
-208;-5;0.2295;-0.1548
144;23;-3.0555;0.8312
-285;-20;1.0633;0.2157
-54;8;-0.0191;-1.2303
380;-2;-2.9894;-2.0979
175;8;-2.7811;0.4548
277;12;-1.6334;-0.3305
-110;-4;3.1688;1.7458
-145;3;3.0237;2.6501
237;3;-0.2275;4.6133
-146;7;1.8476;0.1721
-520;-12;-3.516;-1.9476
-263;-4;-3.4846;0.2705
-181;-14;-1.9798;2.9128
425;13;-2.4112;-5.159
46;4;2.7658;3.9588
133;4;0.1256;1.6312
-145;-6;-2.9425;1.4046
131;5;-3.3517;2.8318
373;10;0.4227;1.2111
384;15;-3.9582;-3.6864
493;20;-3.3404;1.279
-170;-8;-0.7315;0.584
-281;-15;1.5655;1.6291
-107;3;0.6063;3.0664
160;10;1.8319;14.7347
211;20;0.586;5.0205
-140;-6;-2.9563;-1.9027
-262;-10;0.7665;-1.4948
-170;-11;-0.9835;1.1283
-150;-5;-2.3225;0.3198
94;9;-5.9437;-0.8834
-202;7;-1.5343;-5.6241
367;8;-1.9446;0.1549
195;-2;-2.858;-2.5157
-496;-10;-1.2383;0.1454
333;1;-2.6073;-1.1864
-387;-5;0.4982;0.7208
568;17;-1.8527;-0.8515
-180;-12;0.7641;-5.2097
181;14;-2.3061;-4.456
84;7;1.4528;-4.2474
660;31;-4.6549;-3.7509
-323;2;-1.6077;0.3823
-269;-18;0.3161;2.4048
-234;-15;-1.6188;-2.5332
-179;-17;0.7063;2.4651
-665;-15;4.2138;-1.4766
21;-9;1.5633;2.1691
-913;-39;0.9797;3.4562
-458;-36;1.8534;1.0321
-1221;-53;-2.7473;-1.5647
-332;-17;1.1343;2.0705
-911;-31;-1.0862;-0.8729
-430;-19;4.0341;0.6661
-177;13;-4.6847;-4.1968
-140;-16;4.6742;1.4971
-195;-2;-1.3069;-1.0749
-334;-6;-2.3513;0.3086
-266;-26;5.8043;4.3272
-479;-27;4.3343;0.3882
57;18;1.5828;0.0553
-677;-29;-2.3094;-0.5599
-617;-13;3.2852;2.7148
-167;-22;4.808;-1.631
-426;-28;1.1206;-0.2817
390;13;3.3148;2.3496
162;-7;0.7636;-3.8257
-408;-20;1.5898;1.2896
60;6;1.0412;1.2245
-109;-12;1.4474;4.3368
1050;31;-3.9974;-2.8613
-209;-11;1.071;-1.0912
389;10;-0.2815;-2.7787
-665;-16;-5.1939;-2.5604
-898;-27;-3.1856;-4.8883
-697;-20;-2.2705;-2.6302
-118;1;-2.1726;-5.896
-446;-25;0.8989;-1.3989
-594;-5;4.379;0.2573
43;4;0.2475;1.9646
-333;-1;3.5655;0.4565
-50;14;2.8405;-1.4728
278;-36;-4.6144;-3.8034
-101;-3;-0.8259;1.4402
-176;-22;-0.6599;3.9802
-387;-5;1.9428;5.8467
-480;-18;-2.0041;-1.3852
-82;-27;-2.7214;-3.5323
-218;-16;2.157;-0.2493
-768;-32;1.5863;1.3556
-59;-9;0.2813;-1.7564
-134;-26;4.4643;1.4306
824;9;0.2364;0.7395
-730;-26;5.3565;1.1731
117;-4;-1.8726;0.4669
-111;-7;-0.7178;-0.8192
-14;-1;4.9478;3.9987
-522;-5;1.6644;0.63
99;-2;4.9617;0.2635
-781;-27;-1.4472;-0.6846
183;13;-2.042;-2.9889
53;-6;-5.4803;-3.4774
-223;-10;1.5185;1.1433
-88;1;-1.8955;-3.3748
-23;-10;-2.5518;-1.3327
-53;-9;-4.4699;-3.3774
-212;-8;-1.3114;-1.1429
-617;-10;0.3892;-2.1096
-407;-8;0.3874;-1.1714
-234;-24;-3.7207;-5.26
-442;-15;-4.4752;-5.3239
-557;-25;-5.927;-4.3599
-161;-15;-0.0662;0.7606
-355;-27;-1.4314;-5.312
-129;-4;-1.2988;-2.8389
-552;-20;-2.7624;-2.1575
35;15;1.4501;2.3946
-278;2;-1.1092;-2.0048
47;-9;1.8442;1.4901
-720;-20;0.5367;1.2793
-270;-11;-2.1148;0.505
-343;-11;-1.5452;1.8598
-571;-12;-1.4301;1.9384
-249;-2;-0.6451;-1.5482
97;3;-1.6827;-1.407
772;42;10.1024;1.9269
5;2;-1.3869;-0.6184
-256;-7;2.8334;-2.9977
-593;-13;0.3171;2.8747
-73;-13;0.7809;-3.0475
-129;-9;2.2144;0.962
167;7;1.5253;-0.3627
-641;-21;4.8075;5.8429
631;52;1.2858;2.8125
-299;-13;0.1676;0.0731
25;6;5.0331;2.6061
-162;-5;3.7983;-1.5373
-353;-19;2.7458;4.3442
249;15;-1.3801;-3.5915
13;-8;0.5863;-2.1062
-1024;-34;-2.1166;-0.8518
-9;8;-0.5456;0.9717
328;2;3.6817;-1.7519
124;18;3.8292;1.4722
346;-1;1.721;0.3927
428;13;1.7097;5.2909
121;11;0.464;3.7561
627;15;0.302;0.8136
655;26;3.4581;1.6863
-289;-16;-4.891;-1.5727
-4;-2;-2.139;-1.9278
-90;-6;-7.271;-3.8533
-54;-2;-0.2884;0.0037
535;10;-0.9299;-0.7971
-670;-31;-7.2764;-4.7171
-472;-13;-6.8464;-6.6915
367;-2;-2.9554;-4.7689
3;7;-4.5004;-2.4377
-281;-6;-7.5907;-2.1017
-171;-6;-1.8054;-1.3916
-601;-28;-0.0994;-1.0796
84;12;-0.737;2.0012
-360;-5;-4.7072;-1.3778
-545;-29;1.5387;-0.3341
180;3;-3.0618;-1.5507
30;-6;-0.9476;-1.2308
-76;-17;-3.0341;-0.679
-600;-25;1.0017;-0.4012
-250;-9;1.368;1.2232
-185;-3;-1.0643;2.1047
-677;-25;-5.5089;-3.4154
152;-3;-0.2572;1.4775
-318;-22;-1.2448;-0.7205
385;14;-5.6114;-4.5866
-263;-15;-1.7428;-1.8141
-340;-15;2.6347;1.5349
-378;-4;-0.5662;-0.0343
152;9;-1.7965;1.8093
666;28;-3.7129;-0.0368
-64;-10;-4.3994;-0.0757
23;3;0.0232;1.8932
208;11;-3.1235;-1.4653
-398;-16;-2.6685;-0.8397
-734;-16;-2.0004;-1.9324
-134;-15;3.4622;2.7994
223;15;2.4083;0.108
-144;-16;0.5149;-0.7524
14;-19;-1.2119;1.283
-123;-2;-0.332;-0.316
-128;1;-1.5331;-0.4259
-389;-9;1.1046;-0.6249
52;7;-2.1761;1.3702
-649;-19;-2.924;-1.9642
-120;-6;-0.2377;-1.2915
-323;-8;-3.6448;-0.6241
4;1;0.891;0.4476
-712;-28;0.1511;-1.1194
-195;-14;-1.195;-3.0967
-763;-28;2.9478;4.2737
621;29;-1.9559;-1.9386
655;12;-1.5335;-0.0875
649;21;-0.9058;-0.6665
413;7;2.338;0.7856
567;21;0.8824;1.4014
406;5;-8.5264;-2.9018
837;35;-1.1916;0.8476
172;16;-1.7085;-3.5839
-37;-4;-0.3318;-0.576
581;35;-0.0761;5.3921
-158;-12;-1.2605;-3.8478
213;2;-2.2975;-1.1765
-67;15;-1.1803;-0.7342
74;29;-0.6696;-1.215
436;8;2.8774;-1.2159
-321;-13;-0.8542;1.5885
-53;5;-0.052;-0.358
-39;3;2.5922;-1.8487
-175;-6;1.0969;-0.0138
-13;11;-2.0446;0.1987
299;37;0.6627;2.748
-252;-7;-1.0032;0.5292
-878;-23;3.7529;2.0347
22;11;4.122;5.1271
39;3;0.2115;0.8142
-677;-22;-0.3002;0.294
-512;-26;-0.7644;-1.5488
693;26;-0.9422;-0.0162
-5;-8;-1.8948;-1.501
541;11;2.2404;-0.5651
419;1;-0.9549;0.9975
-269;-18;2.9531;4.4852
-325;-11;3.3663;3.3825
236;12;-0.7609;0.1886
479;-4;-6.577;-4.1527
477;2;-1.1065;-1.594
330;5;-1.3485;0.5842
356;-1;-3.2046;-3.2065
190;17;-1.6162;-2.4677
-400;-25;-0.0124;0.9525
77;-1;-0.917;0.0573
-70;-9;-3.7304;0.6974
254;22;-1.3857;-0.3944
465;29;0.5232;1.3272
-309;-16;0.3333;10.6288
-189;-15;2.1376;1.4683
486;35;1.0298;-2.0009
200;-12;1.1995;-6.6454
-138;18;2.7084;4.9056
203;14;4.265;4.2233
-214;8;1.9044;2.4623
-615;-18;4.433;1.3453
545;13;3.5129;8.2673
30;19;1.7168;4.9429
-321;-16;-2.6119;3.2593
-498;-25;-0.1113;-2.6023
80;-7;4.6311;6.3836
-912;-26;-0.7577;-1.4976
-74;9;-1.7906;-2.0475
89;27;-0.2707;2.2515
105;3;-7.9365;-3.8312
-250;-20;-2.9834;-4.2184
906;20;-0.2336;-0.6311
139;-6;-0.221;1.1102
-801;-36;2.2665;1.7515
-878;-32;0.9322;2.5766
289;12;-0.4631;3.8943
-283;-20;1.685;1.6529
243;10;-1.6678;-0.0215
-215;-17;-3.507;-2.757
-381;-19;2.3814;4.5182
-822;-24;2.024;2.2868
1020;32;-1.4286;1.9936
-545;-11;-0.2092;1.9056
-570;-14;-1.119;1.4319
-337;-11;1.593;2.6537
-482;-24;-2.217;-1.1703
234;9;-0.6892;0.1745
103;-5;-0.9456;1.8689
-417;-29;0.4755;0.1951
-489;-26;0.1429;1.0564
-96;-23;-1.6809;-0.4703
-597;-41;1.3053;2.7802
-386;-19;-1.8724;-0.9201
-7;4;-3.4507;-3.043
-527;-18;-1.2474;0.148
-627;-27;0.2992;-0.7973
-562;-3;-1.4765;-0.3965
11;-10;-2.2583;-0.4817
-23;7;-1.0958;-0.5233
-309;-5;-3.8707;-4.8411
-157;-5;0.7393;-3.6897
-834;-33;-0.3699;2.4891
461;15;-3.4384;-4.3501
-243;-8;0.4702;0.8595
-307;-9;-4.712;-5.613
-57;-5;-1.7167;1.3386
-1088;-37;3.1137;2.3835
-785;-17;-4.2069;-1.5158
-559;-7;-0.4229;2.2631
-673;-26;1.6464;2.4801
-527;-8;-0.5146;-0.5234
-1313;-54;-2.0982;1.016
286;5;2.5077;3.9524
602;14;-3.8721;-5.8896
-735;-37;-0.9678;0.5335
-528;-21;-1.2178;0.3049
79;-4;-3.9597;-2.8404
-262;-13;1.0381;0.2833
-297;10;-0.1768;0.2792
147;6;2.745;3.9285
-265;-11;-3.4386;-1.2213
187;-5;0.1168;-1.4284
-255;7;2.667;2.8693
611;27;2.0033;-0.6099
316;20;0.1046;-1.2048
-126;-9;-6.8506;-5.7285
675;16;2.8952;3.2596
-6;6;3.7786;2.7925
-73;-4;-2.0607;1.4646
197;6;-0.1653;1.1018
-223;-7;-0.439;0.4074
-301;2;-3.2226;-2.4931
673;40;1.38;0.4485
183;17;-1.427;-3.3037
176;12;-2.4174;-0.3639
298;11;-0.4253;-4.2587
-182;-6;-2.3764;-2.1786
-308;-6;-2.6714;0.2777
-15;1;2.6524;1.4886
-223;-2;2.1693;1.8761
-465;-7;-0.779;-0.0596
223;12;2.0148;0.2333
